epoch,train_mae_scaled_return,val_mae_scaled_return
1,0.07514487254007665,0.07154494358433618
2,0.07505864697818342,0.071605137652821
3,0.07497856852038591,0.07164318977840363
4,0.07485446226502689,0.07164202583214593
5,0.07477215866522398,0.07163224262850625
6,0.07469732706367911,0.07163260569648137
7,0.07463277917564916,0.07166832259723119
8,0.07456990866117393,0.07169442541069454
9,0.07447796461318582,0.07168502112229665
10,0.07436127195765448,0.07164572321233295
11,0.07425806277890314,0.07156248745464143
12,0.07417301277594175,0.07156261825372302
13,0.07407804627820982,0.07155576845010121
14,0.07401174687856747,0.07145952468826658
15,0.07391809953812432,0.0714920794680005
16,0.07380409000362366,0.07155489543127636
17,0.07372228721816824,0.07161231788377913
18,0.07366956529177189,0.07162683516267747
19,0.07358200386210702,0.07159592329509674
20,0.07350239412158521,0.071619912981987
21,0.0734294028502226,0.0716345225061689
22,0.07332237094258273,0.0716219244022218
23,0.07323432020173727,0.07160699012733641
24,0.07317260165146285,0.07159707352282509
25,0.0730600081832835,0.0716127800563025
26,0.07293040647381974,0.07152941728395129
27,0.07284027057068251,0.0715426980029969
28,0.0727416796633663,0.07152347219368768
29,0.07261793992067489,0.07146149637207153
30,0.07256679981211449,0.07146881851885054
31,0.07251846788842728,0.07149054535797664
32,0.07242561226594836,0.07156770333411201
33,0.07232935688396785,0.07161386003569951
34,0.07223024545099517,0.07162229338335613
35,0.07212714162477736,0.07160623347948468
36,0.07204951187053296,0.07157950174240839
37,0.0719896543326053,0.0716028492602091
38,0.07190829149179845,0.07159744959975047
39,0.07183202817256452,0.07155311627993508
40,0.07170514306393687,0.0715613400652295
41,0.07164330548089207,0.07157134418449705
42,0.07155811735166849,0.07155950343798077
43,0.07148552630813783,0.07154935480110229
44,0.07136655837915257,0.07155369127553607
45,0.07126246769301159,0.07170861155267745
46,0.07118445421547903,0.0717047599572984
47,0.07110667900942626,0.0717415717386064
48,0.07104463366330081,0.07180722081472003
49,0.07092513644153957,0.07180719030281854
50,0.07081720787528001,0.07180023477191017
51,0.07072280385593083,0.07182979489129687
52,0.07062314057985628,0.07180643672980959
53,0.07058071642966991,0.07180958844366528
54,0.07050324430705765,0.07187843109880175
55,0.07042477749883834,0.07187636811581868
56,0.07035013194851437,0.07186703620448945
57,0.07023150617254922,0.07188450627856785
58,0.07013620090508155,0.07191700996860625
59,0.0700428192260117,0.07198605816515666
60,0.06995642370556326,0.0720384329084366
61,0.06986192365977748,0.07212239693081568
62,0.06974500120568723,0.07214394945000845
63,0.06965618990251365,0.0721262109185022
64,0.06958971766116942,0.07214922848201934
65,0.06951644137016288,0.07218181401018113
66,0.06943752835086398,0.0721831749829035
67,0.06936753040357968,0.07216821303443303
68,0.06930964552638326,0.07219798247965556
69,0.06922302223734653,0.07218243914937215
70,0.06915139209070893,0.07220020251614707
71,0.0690551432105184,0.07220890219249422
72,0.06895855982647243,0.0722795973221461
73,0.06886462520105582,0.07224183967189184
74,0.06876062503983685,0.07222664876589699
75,0.06868195673496796,0.07224301449836247
76,0.06862103611024911,0.07224196077339233
77,0.06851701788523355,0.07221594547468518
78,0.06845371230980722,0.07224139476579333
79,0.06835032564101544,0.07225351910742503
80,0.06826211435597129,0.07234730394113631
81,0.06818362277622637,0.07237777066609216
82,0.06807355600366,0.07244639713612813
83,0.06798602019869682,0.07245138618681166
84,0.06788926847418816,0.07242591560833038
85,0.06778840594148118,0.07238728470272487
86,0.0677134635447279,0.07241732686284989
87,0.0676345124267049,0.0723997259896899
88,0.06753209131785465,0.07244204907190233
89,0.06744635933302233,0.07252757322220575
90,0.06736753680922554,0.0725455695674533
91,0.06728494133495037,0.07250270152848864
92,0.06720294623184299,0.07252063022719489
93,0.06715660485616441,0.07252985262681567
94,0.06708421098456331,0.07256411985745506
95,0.06698201821798869,0.07256397936079237
96,0.06689398439356511,0.07258932197850848
97,0.06679023965560672,0.07264550692505306
98,0.06670224540090043,0.07266421355898418
99,0.06661285434988386,0.07270343578051007
100,0.06654852369813082,0.07272952345628587
101,0.06649468425819458,0.0726845342488516
102,0.06641195095185584,0.0726346733078124
103,0.06632304223951206,0.07262845857748909
104,0.06621494795115773,0.07265304241861616
105,0.06613706221467533,0.07268171509106953
106,0.06603754852390006,0.07266160325398521
107,0.06594982237241581,0.072663100702422
108,0.06588379381204287,0.0726262695259518
109,0.06577856810754285,0.07263344833775172
110,0.06570615149438676,0.07262768182489607
111,0.06561391371847493,0.0726474386359018
112,0.06550585302760546,0.07257787150049967
113,0.06543444051441294,0.07254048685232799
114,0.06539426607181854,0.07254481575791798
115,0.06533418476640414,0.07254556105250404
116,0.06526095569427957,0.072551567403097
117,0.0651797514265405,0.07258793025735825
118,0.06508175282934929,0.07258247359404488
119,0.06503529059686877,0.07261260137671516
120,0.0649466203031041,0.07265809485836634
121,0.06488324082497901,0.07263164080324627
122,0.0648209331419249,0.07266967921029954
123,0.06474459544927441,0.07264406860820831
124,0.0646691040190163,0.0726201974210285
125,0.06458387011248409,0.07264388388111478
126,0.06449947211255208,0.07262572480572595
127,0.06443579105139956,0.07264310878420634
128,0.06434600094934559,0.07266143413763197
129,0.06428975667087371,0.07265776774239918
130,0.06419061364096691,0.0726224895980623
131,0.06414728071117684,0.07263023630967216
132,0.06405490680955357,0.07259768578741285
133,0.06399225385497377,0.07261676873479571
134,0.06391005034154872,0.07257005525013757
135,0.06382915389384829,0.07253510138345143
136,0.06375610916659251,0.07250596440973736
137,0.06370473617038745,0.07251963279550037
138,0.06361335666017259,0.07255356344911787
139,0.06356246559076224,0.07253336859127832
140,0.06348813995204108,0.07251494318719894
141,0.06341433110265364,0.07253982670723445
142,0.06332549923499503,0.07254396828394087
143,0.0632960798121393,0.07255245745182037
144,0.06322054978301941,0.07252414335334112
145,0.06313976719019326,0.07258861334550948
146,0.06306882154082499,0.07256780139037541
147,0.0629947803921902,0.07257888265072353
148,0.06292761401857111,0.07254583069256373
149,0.0628641434565466,0.0725677524294172
150,0.06281246284624195,0.07254307870827024
151,0.06276992819504583,0.07256509056166997
152,0.06271753862485481,0.07255052030086517
153,0.06262704529978798,0.07261682479154496
154,0.06254199665014035,0.0726616455922051
155,0.06245549892508383,0.07269517864499773
156,0.06239603458364059,0.07272790774466499
157,0.06235794459726121,0.07275709770028553
158,0.06230834011735003,0.07279205748013087
159,0.06220377129957683,0.0728010381498034
160,0.06214665695804246,0.07277171479331122
161,0.0621089166561684,0.07279080672869606
162,0.06205462865156341,0.07281122723269084
163,0.0619767535944917,0.07284839900713118
164,0.06186494195920223,0.07287589496090299
165,0.06177816030303676,0.07284764732633318
166,0.0617025625493896,0.07285626516455695
167,0.06164760450737851,0.072883692525682
168,0.06160569805854164,0.0729322802452814
169,0.06152843281641411,0.07295006631858765
170,0.06143659409153968,0.07294450203577678
171,0.06134071110619962,0.07292052937878503
172,0.06129756157984267,0.07294599806505536
173,0.06121947496452784,0.07296238177352482
174,0.06116179184875978,0.07294067243734996
175,0.06111889498019619,0.07293737667893606
176,0.0610593499989053,0.07292674245342376
177,0.06101776134344103,0.07292505814915612
178,0.06095565321532548,0.07296773602092077
179,0.06091364482665933,0.07298834574601007
180,0.06081990802040928,0.0729821404767415
181,0.06075908127447695,0.07301269116855803
182,0.06070317964916286,0.07303129207520258
183,0.06066391054404806,0.0730954481968804
184,0.06060160359649056,0.07312869387013572
185,0.0605308946299294,0.07315252934183393
186,0.06046946365882708,0.07311507113396175
187,0.06041262415766363,0.0731542335143165
188,0.06032406801297187,0.07321646241914659
189,0.06024732356127958,0.07321806606792268
190,0.06019368879533826,0.07320633696185218
191,0.06013469890804422,0.07318522816612608
192,0.06006881426964672,0.07318700731746734
193,0.0599736287116063,0.07315727098593636
194,0.05989465635244138,0.07310657652597578
195,0.059800572244695,0.07315587997436523
196,0.05973112759679585,0.07315831359416719
197,0.05964727171670061,0.07313013218698047
198,0.05958497094731458,0.07313563189809284
199,0.05950329872721628,0.07316643023301685
200,0.0594240827421563,0.07318441546152508
201,0.05938206470377471,0.07321777253869981
202,0.05932370393085574,0.07323246271837325
203,0.05924481094648431,0.07324182348591941
204,0.05920022343600726,0.07325295749164763
205,0.05913757404123101,0.07326632880029224
206,0.05908634623205556,0.07326220685527438
207,0.05904209675581763,0.07321006840183622
208,0.05899998795715513,0.07321315341525608
209,0.05890871688855954,0.07322735445840019
210,0.0588482074358621,0.073244395000594
211,0.05875518082513272,0.07323473384456029
212,0.05868575263764757,0.07324717631415716
213,0.05863295068922071,0.07321851168360029
214,0.05860520175567149,0.07323696192294832
215,0.05856396425570576,0.07323283501087673
216,0.05849791115916611,0.07326410758116889
217,0.05842391434626659,0.07324237743067363
218,0.05834906153299966,0.07325991515129332
219,0.05829294476021901,0.07324514100475917
220,0.05824173657409295,0.07324242875689552
221,0.05819458574027205,0.07323338729994637
222,0.05814210355634868,0.07327575839701153
223,0.05806642139711126,0.07327932213980054
224,0.05801622501895317,0.07327157921261257
225,0.05798551156337264,0.0732915098704989
226,0.05794258845229022,0.07327433143343244
227,0.05787533779076033,0.07330535683366987
228,0.05779687318903085,0.07332990354015714
229,0.05772116163934913,0.07336657624396067
230,0.05765556081438112,0.07334045096049233
231,0.05760217446977271,0.07331406549801903
232,0.05751461583499494,0.07331073094928076
233,0.05743641598262297,0.07325710569109235
234,0.05735300025311533,0.07318576224266536
235,0.05727616757125045,0.07318221813156492
236,0.05724078953736862,0.0731815638996306
237,0.05722207720929284,0.0732102162308163
238,0.05717480999048935,0.07324378097814227
239,0.05710053015849668,0.07329618386806004
240,0.05701149870647965,0.07333045204480489
241,0.05694964417759311,0.07335781057675679
242,0.05689039165917177,0.07337355117003123
243,0.05682584427127951,0.07337660023144313
244,0.05676004192024205,0.0733136073464439
245,0.05669357103221155,0.07337322026964217
246,0.05663008164147398,0.07335284967271108
247,0.0565959963752628,0.07335647869677771
248,0.05653234252748461,0.07338483158558134
249,0.05649526173070529,0.07340477359673334
250,0.05643043576611936,0.07344720642718058
251,0.05635805907571893,0.0734655788493535
252,0.05629184717075258,0.07348844408988953
253,0.05622690567436011,0.07348942354558007
254,0.05617292363634232,0.07352299160427517
255,0.05612717268791745,0.0735555939258091
256,0.05604748577909197,0.0735399339880262
257,0.05600389348377951,0.07353181522043925
258,0.0559616613276266,0.07358330464552319
259,0.05592623984060541,0.0735151715694912
260,0.05586000204615861,0.07349075471598004
261,0.0557899740023533,0.07344935432312981
262,0.05570287546483103,0.07350885087535494
263,0.05566636670789031,0.07347936880966974
264,0.05562913892946968,0.07350531078520275
265,0.05552512143995073,0.07350229980453613
266,0.05546667602608258,0.07353249381458948
267,0.05542382237529943,0.07356036821055034
268,0.0553534326436842,0.07357920706272125
269,0.05531722732322237,0.0736177715044173
270,0.05524888724412287,0.07363081143962012
271,0.05517393193204923,0.07367191735714201
272,0.05510804464586395,0.07370287440125904
273,0.05505247190521124,0.07367302548317682
274,0.05498391553127048,0.07369435708674174
275,0.05491233479529472,0.07371511085638924
276,0.05484235682409819,0.0737178200294101
277,0.05480237131587139,0.07369923757182227
278,0.05473424744335356,0.07369280618334574
279,0.05465325673440837,0.07371212754930768
280,0.05458365504327437,0.07377346380362435
281,0.05449927719594931,0.07372684067203886
282,0.05442836370249256,0.07372049940010858
283,0.05434125071981699,0.07370853140240624
284,0.05429517344625893,0.0736918690658751
285,0.05423015128059896,0.07378904687033759
286,0.0542094659975933,0.07380762790876721
287,0.05413285352341161,0.07384039556223249
288,0.05408510534866894,0.07384258721555982
289,0.05402798785920911,0.07384098569552104
290,0.05395215274609794,0.07382396407543666
291,0.05387824539900532,0.07386340934132772
292,0.05379870517762251,0.07388725876808167
293,0.05373050122423445,0.07388341190322997
294,0.05369986326002534,0.07388456307706379
295,0.05363406879351146,0.0738680674916222
296,0.05358835603207026,0.0738681261501615
297,0.05352407242268,0.07387748407939124
298,0.05346678382729025,0.07385238744909801
299,0.0534201615801686,0.07383595856409224
300,0.05336391118236496,0.07383322644801367
301,0.05331311958151532,0.07383680083448925
302,0.05327160862391228,0.07381450798776415
303,0.05324392350204841,0.07378460466861725
304,0.05317795816496353,0.07379173239072163
305,0.05311205649246468,0.07381096813413832
306,0.05305379562940438,0.07382117803134615
307,0.05299594632082372,0.07378602098850977
308,0.05295788513649134,0.07377305626869202
309,0.05290862813459567,0.07378025423912775
310,0.05284869292822666,0.07378390052961925
311,0.05280708403189584,0.07380538232742793
312,0.05277276743729282,0.07381429676971739
313,0.05273997832203665,0.07381884777356708
314,0.05268458330678328,0.07381755066296411
315,0.05260599687739633,0.07381650095894224
316,0.05253999997279721,0.07383493133007533
317,0.05247633659298304,0.0738287963091381
318,0.05240170981253241,0.07385801299223824
319,0.05232536773632215,0.07384656700823042
320,0.05228402609003732,0.0738758094727047
321,0.05221916087935261,0.07385522127151489
322,0.05217890391403925,0.07384897461013189
323,0.05215036252702918,0.07384388267047821
324,0.0520706830908492,0.0738305574844754
325,0.0520156407609273,0.07382668010772221
326,0.05193069275663494,0.07380742496914333
327,0.05190661859947743,0.07379537442373851
328,0.05187125954140798,0.07379879175670563
329,0.05183686571966154,0.0738460130634762
330,0.05178101260770344,0.07385369283812386
331,0.05175911431427887,0.07387520230951763
332,0.05170853297719833,0.07381887379146758
333,0.05164251303684558,0.07380853617002094
334,0.05158867698019372,0.07379400304385594
335,0.05154896303202298,0.07379089390474652
336,0.05150843503621112,0.07378258213164314
337,0.05144382077696764,0.07380239996645185
338,0.05141627556126774,0.07380458925451551
339,0.05135858745883271,0.07379846322158026
340,0.05130497743499714,0.07380474772718218
341,0.05124238427629123,0.0737550173486982
342,0.05116798898604168,0.07379623821803502
343,0.05110190301280384,0.07380498212481303
344,0.05105862954055922,0.07383710855529421
345,0.05099824796130133,0.0738148448013124
346,0.05094746140595838,0.07384169763988918
347,0.05091627612930648,0.07387388745943706
348,0.05086329429312025,0.07386006580458747
349,0.05081126819064093,0.07388817649039012
350,0.05074400281917896,0.07385628824196165
351,0.05070419038801297,0.0738667140877436
352,0.05068362356409033,0.0738541218969557
353,0.05061207679334774,0.07388902514699906
354,0.05056976835148709,0.07389998672500489
355,0.0505333779653698,0.07390326781878395
356,0.05046548130246282,0.07389759875479199
357,0.05039940237528245,0.07390786802011823
358,0.05034829042153203,0.07392094012290712
359,0.05032856740344312,0.07389692063369448
360,0.05026098844564914,0.07393090805364033
361,0.05022635342514644,0.07394071112549494
362,0.0501606242266012,0.07394434842798445
363,0.05010367167960974,0.07394623732756055
364,0.05005895710473941,0.07395831838486687
365,0.04998965792335857,0.07396876764675928
366,0.04993115241941789,0.07399655571059575
367,0.04988368315969733,0.07401702754081242
368,0.04985636525657782,0.07401926058625417
369,0.04980121572067095,0.07400883686920953
370,0.04975497085685673,0.07401890035659547
371,0.04970197416363911,0.07403563010314154
372,0.04962109055770938,0.07401197699327318
373,0.04958528759801965,0.07403360378174555
374,0.04952927800180411,0.07405868858572036
375,0.04949166326391026,0.07406794811998095
376,0.04942984812822182,0.07407848158526043
377,0.04940525066523067,0.07410269384346312
378,0.04936321500435045,0.07412371772622305
379,0.04929126400467439,0.07415069805251227
380,0.04923002290937531,0.0741586618953281
381,0.04919222557709459,0.07415481526700277
382,0.04917232056772603,0.07418071608694773
383,0.04914612473822534,0.07419592662463112
384,0.04908428769944804,0.07421069391190059
385,0.04905395599602476,0.07425944909216865
386,0.04898987945834835,0.07424557114404345
387,0.04896338339913398,0.07421403319116622
388,0.04894107911158408,0.07422145042154524
389,0.04891183862034213,0.07422330431521885
390,0.04888765600685541,0.07422002605975621
391,0.04885489164841493,0.07420903515248072
392,0.048818689814207,0.07420976578243195
393,0.04875679706891692,0.07423287701039087
394,0.0487099921391488,0.07424850383448223
395,0.04866715308061827,0.07424137398364052
396,0.04859694559035155,0.07424126849288032
397,0.04856591504747517,0.0742456539282723
398,0.04851555174100787,0.07428676150147877
399,0.04846695974572154,0.07422901027732426
400,0.04842315209700348,0.07423544403106447
401,0.04836781780434973,0.07427696907331073
402,0.04834409252265128,0.07427840762668186
403,0.0483058850480444,0.07428244844315544
404,0.0482647206123113,0.0742709854292491
405,0.04820570064320616,0.07424681692842454
406,0.0481536834255258,0.07420050199069674
407,0.04810428033929469,0.07423280865427047
408,0.0480511357671299,0.07423529549250527
409,0.0480061866865224,0.07422873921810634
410,0.04795429222322523,0.07424146930376689
411,0.04791451325715471,0.07428686320781708
412,0.04786496599887931,0.07426610234237853
413,0.04783640142901629,0.07429436487810952
414,0.04779237257233965,0.07431649333900875
415,0.0477542205100469,0.0743148061964247
416,0.04772836878998729,0.07428926324087476
417,0.04768657675500212,0.07428567537239619
418,0.04765753821641765,0.07427057292726305
419,0.0475942340972746,0.07427425422365704
420,0.04754734707137557,0.07429358836204286
421,0.04752033529665251,0.074321111516347
422,0.04749921124579287,0.07433755341030303
423,0.04746986375450499,0.07436322787451366
424,0.04743476100229205,0.07437226247219812
425,0.04734890798413859,0.07436015326825399
426,0.04731893174622395,0.07433577307632991
427,0.04725274737825046,0.07437115836711157
428,0.0472126984260866,0.07435133745746007
429,0.04716953798496006,0.07437603743303389
430,0.04713265724325698,0.074385866522789
431,0.04707930356940771,0.07439168530797201
432,0.04706477798219965,0.07441660501654186
433,0.04705623365931309,0.07444372347423009
434,0.0469813042367199,0.07443394618374961
435,0.04691911417428268,0.07447043013951135
436,0.04686242519985417,0.07447906950163463
437,0.04681017125523691,0.07449361752896082
438,0.04678771417562253,0.0745168004244093
439,0.04676863249586224,0.07451255548567999
440,0.04672312249612479,0.07454070921928163
441,0.04666310179563053,0.07454449198548756
442,0.04660189362115945,0.07454154652262492
443,0.04658395084318027,0.07455893688731724
444,0.04654161951266531,0.07454397044484577
445,0.04650053205400676,0.07455166653981285
446,0.04643238872024879,0.07454680592294723
447,0.04637949131907268,0.07456299023968833
448,0.04634963089245328,0.07457157661990514
449,0.04630362785992241,0.07459557766006106
450,0.04623794254110455,0.07459617205082424
451,0.04619890355816716,0.07461860870558118
452,0.04617070197058807,0.07465029803533403
453,0.04611583991088378,0.0746638070023249
454,0.04606944065162248,0.07466799730346316
455,0.04603090777860813,0.07468163375816649
456,0.04598203307313722,0.0746832527811565
457,0.04595409735287048,0.07468670795834254
458,0.0458754847692243,0.0747244083692157
459,0.04584582345624549,0.0747422438765329
460,0.04581555806519601,0.07474971432534475
461,0.04575855526907658,0.07479875522946554
462,0.0456993727110922,0.0748299809675368
463,0.04562843348996425,0.0748020720387262
464,0.0455885491713602,0.07479665132742079
465,0.04555480273372447,0.0748177393088265
466,0.04549249549196833,0.07483357474917457
467,0.0454493265779209,0.0748116411860027
468,0.04541515762690613,0.07480421189277892
469,0.04538019145641252,0.07481465997203948
470,0.04532916593822298,0.07481729866020263
471,0.04527149220739159,0.07480411846486348
472,0.04522903963761645,0.07482807267279852
473,0.04521405376192377,0.07482446706484235
474,0.04518573099392423,0.07480916499145447
475,0.04513277217878171,0.07481532342850215
476,0.04508837251413728,0.07479243595448751
477,0.04502078398017752,0.07481198698755294
478,0.04497859535071363,0.07480403118663365
479,0.04492738203082127,0.07484951165933458
480,0.04487247590016048,0.07484920299242413
481,0.04481085951036433,0.07484669392071074
482,0.04477131762426909,0.07485618288554842
483,0.04474117204561638,0.07487225059479002
484,0.04471686797222051,0.07487880000992427
485,0.044659044185372,0.07488786299077291
486,0.04463319668706289,0.074896996929532
487,0.04458107855924849,0.07488550151151324
488,0.04452826109184329,0.07491724997285813
489,0.04448288168688282,0.07492775718371074
490,0.0444591134521827,0.07491896526208
491,0.04439165716051231,0.07490175749574389
492,0.04435613983828365,0.07491527450463129
493,0.04431183480263227,0.07494727912403289
494,0.04426332085824554,0.07499003694170997
495,0.04421409651239909,0.07496413706787049
496,0.04418007220414643,0.07497462724882459
497,0.04415277392407631,0.07496228648556603
498,0.04409265057767602,0.07495664036463177
499,0.04404226311750026,0.07495329942968157
500,0.04399659369151896,0.0749580157654626
501,0.04394381466116627,0.07494967773793236
502,0.04390689270223352,0.07493816718222603
503,0.04386421714459803,0.074950458748
504,0.043809022596299,0.07499049958728608
505,0.04376405851156078,0.07500486880067796
506,0.04372025448148601,0.07503490126322186
507,0.04366686666588439,0.07498793966240352
508,0.04361923617059834,0.07503023909197913
509,0.043555137744543,0.07503629984363677
510,0.04352447597966378,0.07503653045684572
511,0.04349728702380885,0.07503788527988252
512,0.04344557643466264,0.07502284693339514
513,0.04339642313778812,0.07503394096616715
514,0.0433453631395178,0.07503649828925965
515,0.04330783299844333,0.07504176431232029
516,0.04324754990218069,0.07503382979877411
517,0.04321652571399497,0.07503742216125367
518,0.04318744926791553,0.07504815691047245
519,0.04314016580934703,0.07507217923800151
520,0.04308346781773016,0.07507503553042336
521,0.04302295162788384,0.07511119142411248
522,0.04297895170564359,0.07510455638643294
523,0.04292137191243845,0.07505122323830922
524,0.04290212468710256,0.07503677880953229
525,0.04286433894624832,0.07504633139996301
526,0.04281913558975495,0.07505543340766241
527,0.0427900527154352,0.07506529655721453
528,0.04276760925721793,0.07505654318938179
529,0.04274721452479066,0.07504534177363865
530,0.04270246654366459,0.07502733076375628
531,0.04267442154331245,0.07502631488300505
532,0.04261812782475885,0.07501512884147583
533,0.0425910866154617,0.07498628587003738
534,0.04256273759023341,0.07498582275140853
535,0.04252129565163167,0.07502672099877918
536,0.04247380319434822,0.07503487169742584
537,0.04243109962900205,0.07505841387642755
538,0.04237064216120457,0.07507222985464429
539,0.04232563849203914,0.07510114614925688
540,0.04226815091539818,0.0751309801661779
541,0.04224047723786146,0.07513907551765442
542,0.04218688883762604,0.07515034670867617
543,0.04216128181728653,0.07515544290580446
544,0.04211858270169481,0.07515953575807904
545,0.04207689084134709,0.07517233940344008
546,0.04202000204720125,0.07518613172902001
547,0.04198932926458291,0.07520386694915711
548,0.04196087709331089,0.07518636849191454
549,0.04191854184995399,0.07520698980679588
550,0.0418861881486873,0.07519451753487663
551,0.04183323692386972,0.0751968411699174
552,0.04179071081914412,0.07519942734922681
553,0.04175243147180911,0.07520037440080492
554,0.04172239452600479,0.07524504004016755
555,0.04168193173932182,0.0752529911105595
556,0.04165375710033829,0.07520934016931624
557,0.04160787730761836,0.07520676723548345
558,0.04156249835866578,0.07523891755512782
559,0.04153805126060032,0.07524628960897052
560,0.04152096718961606,0.07526341340844593
561,0.04149204809568006,0.0752754911543831
562,0.04143674448794462,0.0752601573864619
563,0.04140701698027147,0.07525696002301716
564,0.04135617352691125,0.07526253187467181
565,0.04130625993248741,0.07523555533280449
566,0.04124862259402798,0.07526221800418127
567,0.04119720049606965,0.0752490654824272
568,0.04113556351236859,0.0752648115158081
569,0.04109137743593792,0.07525676630792164
570,0.04104577038006862,0.0752510352740212
571,0.04099326513097176,0.07524291153938051
572,0.04095805264266552,0.07525234728578538
573,0.04090009061187535,0.07521187951640478
574,0.04086068585176694,0.07521747336501167
575,0.04079814625192371,0.07521371756281171
576,0.04076986089128144,0.07521386373610724
577,0.04074031880230212,0.07522649164237673
578,0.0407237681281649,0.07522481112253099
579,0.04067372864614235,0.07522520588503943
580,0.04064991642874533,0.07522395773539467
581,0.04063234551784905,0.07525400178773063
582,0.04058038338886432,0.07526166382290068
583,0.04053112215050823,0.07527431301654332
584,0.04052037708939357,0.07529068797353715
585,0.04050461563253215,0.07530341285561758
586,0.04048600901002827,0.07532359281229595
587,0.040436761451909,0.07533996942497435
588,0.04040808585147867,0.0753240781644034
589,0.04035913378647497,0.07531149235982744
590,0.04031730462362124,0.07533036006821527
591,0.04027728481183283,0.07534896310359712
592,0.04024752258871998,0.07535093809877123
593,0.04021253783958215,0.07537263513557495
594,0.04017501827494884,0.07536839019684564
595,0.04012267386424929,0.07531380014760154
596,0.04010001524385554,0.07531743200998457
597,0.04006002208646405,0.07531507076725127
598,0.04003700501444545,0.07534071282734947
599,0.0400093000488832,0.07536477654699296
600,0.03995665209873525,0.0753283238127118
601,0.03991437028185166,0.07533181163053664
602,0.03987678012425431,0.07533738726661318
603,0.03983315887979553,0.0753568285514438
604,0.03980943384816592,0.07537951521457188
605,0.03976241456526759,0.07540232416183229
606,0.0397551766902885,0.07541144958564214
607,0.0397237287825093,0.07540556055212778
608,0.03967547870488417,0.07542984045687176
609,0.0396308480354664,0.07541014608882722
610,0.03960657439692,0.07542314321275741
611,0.03956596105408221,0.07541585417966994
612,0.03952326836673081,0.07538638228461855
613,0.03947992454423603,0.07542316994023701
614,0.0394386390531169,0.07542528968954844
615,0.03940465118136599,0.07544362095613329
616,0.03939039777203115,0.07544180135878306
617,0.03933966462845157,0.07546922186064342
618,0.03932025743260435,0.0754860398315248
619,0.03927059320094908,0.07550362840531365
620,0.03922966205002878,0.07552392615212335
621,0.03919962725187454,0.0755106390468658
622,0.03915818013537672,0.07552086857576219
623,0.0391192463872934,0.07554165380341667
624,0.0390991478393485,0.07555299145834786
625,0.03907537361770604,0.07558310197459327
626,0.03905701307765588,0.0755972441226717
627,0.03904467409243118,0.07560792730914222
628,0.03900193869479199,0.07561795673673115
629,0.03896151275648887,0.07560172133029454
630,0.03892570372159719,0.07560647669292632
631,0.0388958451337193,0.07561844090620677
632,0.03885397294431425,0.07563930773545825
633,0.03880476878049461,0.07565144390340835
634,0.03877026951795504,0.07566595030209375
635,0.0387345490515644,0.07566690681472657
636,0.03869919114086964,0.07568318479590946
637,0.03865643335471384,0.07565761724161724
638,0.03863423812660036,0.0756493875431636
639,0.03859287141459127,0.07566365599632263
640,0.03853487671304196,0.07562492196522062
641,0.03851038492620285,0.07562001546223958
642,0.03846456309061531,0.07565312063883221
643,0.03841968011644256,0.07563232878843944
644,0.03839638008417053,0.07563062366985139
645,0.03833898404743688,0.0756590094358202
646,0.03830129272963664,0.07562893156021361
647,0.03827201012385915,0.07564791871441735
648,0.03824334074573008,0.07565750181674957
649,0.03821615039243161,0.07563580903742048
650,0.0381564504861361,0.07561727364857991
651,0.03812725672834835,0.07563098035161457
652,0.03809597232146419,0.0756260206302007
653,0.0380742868513369,0.0756360280608374
654,0.03802652721755714,0.07562464664852808
655,0.03798550027555916,0.0756203681230545
656,0.0379294776904736,0.07564646762514872
657,0.03787633225042281,0.07564082386947814
658,0.03783280182508467,0.07566118855325002
659,0.03780307783308528,0.07568251187839205
660,0.03776276274883029,0.07573965925072866
661,0.03774487863406024,0.07576318274414728
662,0.03773105474738708,0.07575721825872149
663,0.03770706817316515,0.07575918379284087
664,0.03765377319194487,0.07573200573050787
665,0.03763694464719072,0.07574203042756944
666,0.03760176996340991,0.07574075957139333
667,0.03757697902068216,0.07576535121789055
668,0.03753855453044735,0.07575183870300414
669,0.03750781009574986,0.07577225329383971
670,0.03747893652905363,0.07576762210755121
671,0.03744016326632928,0.07575699048382896
672,0.03741087452651012,0.07574465799899328
673,0.03736013160082571,0.0757461947108072
674,0.03731335288415657,0.07573383951944018
675,0.03728258251584882,0.07574459579255846
676,0.03726582349023367,0.0757639351345244
677,0.03721697642472513,0.07583183877997929
678,0.03719499855056802,0.07584397684014033
679,0.03715951551719102,0.07586016990835705
680,0.03712556717102761,0.07589560676188696
681,0.03707005346133231,0.07589305984595465
682,0.03704403101780102,0.07590305923469483
683,0.03701265883675214,0.0759202613243981
684,0.03697970024836852,0.07591075864103106
685,0.03694769246586454,0.07590270420861622
686,0.03690236860560759,0.07591835728713445
687,0.03686735798169924,0.07591031207924798
688,0.03683856121555839,0.07589742068260436
689,0.03678471873066621,0.07593292447309645
690,0.0367379999275504,0.07593762732687451
691,0.03669092346714609,0.0759108014523037
692,0.03664852336769867,0.07594086158843268
693,0.03659905024748093,0.07593483962709942
694,0.03654458548833211,0.07597519930392976
695,0.03650649266293583,0.07598856044194055
696,0.03648407896291115,0.07597143829814972
697,0.03643589744827943,0.07600029900906578
698,0.03640167114323949,0.07601573613900987
699,0.03634886332554973,0.07597809320404417
700,0.03631833021373645,0.0759884627565505
701,0.036292064600318,0.07600337574406275
702,0.03623818920930776,0.07598116331630284
703,0.03620269030391405,0.07597252206196861
704,0.03617054635156883,0.07598292591079833
705,0.0361381330162375,0.07600230380656227
706,0.03610403168678048,0.07598966289134253
707,0.03605735620441465,0.07597466404475862
708,0.03604295882897457,0.0759668726296652
709,0.03600968321213482,0.07599460676548973
710,0.03599997209743592,0.07598869739070771
711,0.03598924710066862,0.07597587103881533
712,0.03595382448098267,0.07598497304651472
713,0.0359207676008329,0.07601458094422779
714,0.03590467343472775,0.07602238678742969
715,0.03587040104347061,0.07600628288965376
716,0.03584661005250558,0.07600778341293335
717,0.03579655193299908,0.07601741594927651
718,0.03575811374781751,0.07602169636696104
719,0.03571606017024002,0.07600701446571047
720,0.03567414402755792,0.07600356827652643
721,0.03563100431272567,0.07599210147819822
722,0.03559056715074437,0.07602369241298192
723,0.03556148974851936,0.07604157191420359
724,0.03553314079684072,0.07605327027184623
725,0.03550816172879163,0.07606887817382812
726,0.03549545637799863,0.07607498410202208
727,0.03547232399482247,0.07606784502665202
728,0.03546248628644812,0.07608190368092249
729,0.03541024921412294,0.07606106712704613
730,0.03536889168111146,0.07607021076338631
731,0.03534177736345189,0.07607130659004999
732,0.03532405210123834,0.07607313588498131
733,0.03530745835642,0.07607828317180512
734,0.03527320794180139,0.07608923954623086
735,0.03522206269947468,0.07609437311452533
736,0.03519702059936665,0.07610645842930627
737,0.03515419864848712,0.07612747119532691
738,0.03513581841183792,0.07612071008909316
739,0.03508399786594943,0.07610932039836096
740,0.03505240630097356,0.07611018182739379
741,0.0350121143407318,0.07613822463012877
742,0.03498403443371085,0.07614947122240824
743,0.03496597446170282,0.07614496823341127
744,0.03492912769994284,0.07615122009837438
745,0.03490883998227143,0.0761592158722499
746,0.03486897503664792,0.07614783280425602
747,0.03482250219830638,0.07616425246473342
748,0.03478674617800991,0.07617212997542487
749,0.03476771009903905,0.07616600228680505
750,0.03472624103532256,0.07615158813340324
751,0.03471318632364273,0.07617806631421285
752,0.03468189194342462,0.07617078745175922
753,0.03465124334393461,0.0761701012887652
754,0.03462719083979711,0.07618485958803267
755,0.03458778796256001,0.07616838008638412
756,0.03455229145488523,0.07619937923219469
757,0.03449275678525673,0.07620582741404337
758,0.03445145360544427,0.0761875779855819
759,0.03440397843233101,0.07618906337117391
760,0.03435946542765993,0.0761885732885391
761,0.03433778067831932,0.07621026157386719
762,0.03429484018009719,0.07618747651576996
763,0.03427778398443421,0.0761992751605927
764,0.03424950249250408,0.07618989476135798
765,0.03421499160911818,0.07619145867370423
766,0.0341877307658252,0.07620390279898567
767,0.03416425384661994,0.07618105671708546
768,0.03412961760519288,0.07619420143346937
769,0.03410291079678163,0.07621347856900049
770,0.03409068540165243,0.07622731890943316
771,0.03405306032267633,0.07622404893239339
772,0.03401882199962188,0.07621052293550401
773,0.03398299962282181,0.07621534807341439
774,0.03395690680697545,0.07622511448368194
775,0.03391184351845531,0.07625201959458608
776,0.03388134265081316,0.07625918255911933
777,0.03384475107695484,0.07625654765537807
778,0.03382468622946433,0.0762615714754377
779,0.03381029042798699,0.07625972704281883
780,0.03379471299237584,0.07629224043043834
781,0.03375803482114739,0.07629905428205218
782,0.03373607386341217,0.07629363569948408
783,0.03368990160782269,0.07629708590961638
784,0.03365949201530907,0.07629115950493585
785,0.03363701362100311,0.07630259389915163
786,0.03361068931495566,0.07631811878037831
787,0.03359091703330423,0.07631431236153557
788,0.03356458893209431,0.07631200481028784
789,0.03352751999152025,0.07631729046503703
790,0.03348942900486548,0.0763468789675879
791,0.0334523636829347,0.07633433857607463
792,0.03343423492728428,0.07634309620138198
793,0.03340355378942452,0.07632580825260707
794,0.03338422543881323,0.07633738361653827
795,0.03334888819557305,0.07632978142253936
796,0.03333609020162782,0.07635358283444056
797,0.03331693817897233,0.0763457285033332
798,0.03327335868130078,0.07632302197199019
799,0.0332485022352455,0.07632965180608961
800,0.03323191380071264,0.07633323707277813
801,0.03319691026699155,0.07633888224760692
802,0.0331584303644426,0.07634275276509542
803,0.03312548753039623,0.07633221125791943
804,0.0330737763381428,0.07634640922622075
805,0.03303536363056358,0.07631296037681519
806,0.03301159140947187,0.07633076702791547
807,0.03297233660241106,0.07632241764711956
808,0.03296088218424186,0.07631417304750472
809,0.03294159431536365,0.07630310030210585
810,0.03289876806918396,0.07628503228936877
811,0.03285677400799165,0.07627996684066833
812,0.03284343979289242,0.07628574754510607
813,0.03280746715413618,0.07626704493212322
814,0.03279073718063688,0.07627441012670123
815,0.03276799591984471,0.07626436556142474
816,0.03273125502546589,0.07625924240029047
817,0.0327155204583603,0.07627796890243652
818,0.03269427175553624,0.07627701499159374
819,0.03267138851447967,0.07628197423995488
820,0.03263254026052159,0.07629201241901942
821,0.03259454594754043,0.07628065371324146
822,0.03255599228939205,0.0763014725276402
823,0.03252022230937003,0.07628926965925428
824,0.03247539495345047,0.07631522014973656
825,0.03244211043710182,0.07630743062685406
826,0.03240682466391397,0.07631537318229675
827,0.03235874526563072,0.07631670624490768
828,0.0323214205928875,0.07630573638847896
829,0.03231005016843046,0.07632258723652552
830,0.03227293250856136,0.0763056744185705
831,0.03225162042063998,0.07631097970500825
832,0.03220828172455653,0.07629003032805427
833,0.03219476092867884,0.07629897433613973
834,0.03215872717015482,0.07632817871986873
835,0.03212144522976428,0.07635825801463354
836,0.03210473664450622,0.07636560168531206
837,0.03209582164604125,0.07638177796015663
838,0.0320773779213252,0.0763837680930183
839,0.03205340296794961,0.07640014588832855
840,0.03203544961352928,0.07639896018164498
841,0.03201329417578207,0.076404493716028
842,0.03196688341335389,0.07641279933944581
843,0.03192689759621851,0.07643038625755007
844,0.03190112711911375,0.07641674388968756
845,0.0318767615582018,0.07641128084016224
846,0.03185872029722737,0.0763989585259604
847,0.03182325531293703,0.07639296849568684
848,0.03178246595105202,0.07638873159885406
849,0.03175364325130092,0.07639618572734651
850,0.03172941433094802,0.0763921042283376
851,0.03169123973303933,0.07640189358166286
852,0.03165117089304731,0.07642625532453022
853,0.03163251722818066,0.07642886728521377
854,0.0316230401485011,0.07641890905206165
855,0.03159349854494953,0.07642974290582868
856,0.03155698113856876,0.07640761349882398
857,0.03153497356505879,0.07644010086854298
858,0.03151275658095577,0.07647523354916345
859,0.0315022233281531,0.07649095214548565
860,0.03147088177318281,0.07647270153439234
861,0.0314383530678542,0.07647250710971772
862,0.03140255925774221,0.07646760226242126
863,0.031377587147491,0.07646957087138342
864,0.0313362384992785,0.076466755971076
865,0.03130321886467675,0.07646544987247103
866,0.03125965925483336,0.07646754904398842
867,0.03123148004106096,0.0764598177065925
868,0.03119488827597354,0.07646640260068197
869,0.03117595200389182,0.07648630416582501
870,0.03114700702047536,0.0764966704069622
871,0.03112582059950372,0.07651458112966447
872,0.03109453666333738,0.07653571239539556
873,0.03107830122304457,0.07653885157335372
874,0.03104566797422869,0.07656529758657728
875,0.03101660656169983,0.07656086626506987
876,0.03098009325939011,0.07653752371432289
877,0.03094558377344775,0.07655994877928779
878,0.03090063051521955,0.07656743010831257
879,0.03088240573313253,0.07656867731185187
880,0.03085319807445897,0.0765533201278202
881,0.03083303615612668,0.07654794341041929
882,0.03081198393386538,0.07656226437243205
883,0.03076420776612196,0.07655587721438635
884,0.03075008868788684,0.07658836032663073
885,0.03071307629229168,0.0766183017265229
886,0.03068640599393186,0.07662482441417755
887,0.03066121657385407,0.07661078870296478
888,0.03065455546060178,0.07661450122083936
889,0.03062463250206112,0.07661483117512294
890,0.03059082701875803,0.07661196613122546
891,0.03057169800243632,0.07663128867981926
892,0.03056171300351208,0.0766389708197306
893,0.03055303512915219,0.07663133480246105
894,0.03051883333085908,0.07664157663072858
895,0.03050337776703519,0.07664225593445793
896,0.03047504960049058,0.07664812841112652
897,0.03046380703476316,0.0766513009393026
898,0.03045399346538734,0.07665250012798915
899,0.0304294162285528,0.07666426140164571
900,0.03041856400558297,0.07665481784987072
901,0.03040896896695808,0.07665274422320109
902,0.03037314261847635,0.07665915881830548
903,0.03036228883625371,0.07665705988331446
904,0.03032620223965367,0.07666219770908356
905,0.03029747124161913,0.07666891742320288
906,0.030253787700598,0.07667088579563867
907,0.03023028390634683,0.07665587677842095
908,0.03020987225749768,0.07666142166606964
909,0.03015933468246507,0.07670362341025519
910,0.0301266969471199,0.0767084201650014
911,0.030109369161981,0.0767254779736201
912,0.03007065215003691,0.07672922644350263
913,0.03004794075040685,0.07673184076944987
914,0.03002952191489588,0.0767100720651566
915,0.02999200895502207,0.07675345951602572
916,0.02995078447334623,0.07677282487589215
917,0.02991139935099714,0.07678230177788507
918,0.02987454168917749,0.07678953002369593
919,0.02984492834528719,0.07678749968135168
920,0.02982716695548045,0.07677877422363039
921,0.02980371077727942,0.07680225064830175
922,0.029787306113928,0.07679138983052874
923,0.02975154184135962,0.07679003666317652
924,0.02973611860996644,0.07678019219920748
925,0.02972073018227254,0.07678587545478155
926,0.02966788210349869,0.0767867820603507
927,0.02965159050068521,0.0767744526503578
928,0.02962543971299654,0.07677350914667523
929,0.02960891486950006,0.07676943734524742
930,0.02958910141474873,0.07677218010501256
931,0.02957656336001324,0.07676969208414593
932,0.02956707048186663,0.07677651894471002
933,0.02952691210251805,0.07678264072017064
934,0.02948746463947682,0.07680411967966291
935,0.02947095075487973,0.07681531399961501
936,0.02944436784822637,0.07681676201404088
937,0.02939684008710594,0.07681930680123586
938,0.0293615908680993,0.07682426699570247
939,0.02932636852413857,0.07681200452267177
940,0.02930622418417512,0.07680917992478326
941,0.02929870533478342,0.0768252516549731
942,0.02928794289388402,0.07682032717598809
943,0.02925532544353519,0.07681800496010553
944,0.02924093601145843,0.0768007245801744
945,0.02921274666254283,0.07681497955133045
946,0.02920145487738268,0.07679940641872467
947,0.02918384842729051,0.07680710913643005
948,0.02914724777740411,0.07680532572761414
949,0.02910998894631686,0.07680890342545887
950,0.02908864442299526,0.07681802695705778
951,0.02905471190471875,0.07683857802360777
952,0.02902308487409665,0.07683809314455305
953,0.02900212060251923,0.07683898153759185
954,0.02896827707933179,0.07685296332079267
955,0.02895913653347829,0.07685606725632198
956,0.02894744602089926,0.0768750331231526
957,0.02891708408856557,0.0768865928763435
958,0.02889302617117306,0.07690778729461488
959,0.02885456406764193,0.07690895857319
960,0.0288358906914663,0.07688542419955843
961,0.02881082974793527,0.07688660446613554
962,0.02879365350451663,0.07688144913741521
963,0.02875873720069275,0.0768888836342191
964,0.0287354529815977,0.07690329731456817
965,0.02871334307109027,0.07690795546486265
966,0.02867645029666276,0.07691637485746354
967,0.0286521428399825,0.0769290557456395
968,0.0286344087959395,0.07693428274184938
969,0.02861389563384908,0.07697460008045984
970,0.02859272765913226,0.07695537474420336
971,0.02855661733541178,0.07694077988465627
972,0.0285343382312656,0.07694988780551487
973,0.02850212012615279,0.07695845857499138
974,0.0284694307883659,0.07697679764694637
975,0.02842286464492519,0.07697658524626777
976,0.02839969741391994,0.07697721062198518
977,0.02836966601376002,0.07698150499472542
978,0.02833954917831458,0.07699149137451536
979,0.02832107178256401,0.07699199919662779
980,0.02830229340689321,0.07698736517202287
981,0.02828821332468803,0.0769864758328786
982,0.02827985181683731,0.07698020149791052
983,0.02824774506591032,0.07700102882725852
984,0.02823320222395194,0.07699368539310637
985,0.02820689890897756,0.07699469819901482
986,0.02818752976772463,0.07700428839713808
987,0.0281556111568289,0.07702443571317763
988,0.02812558770003229,0.07701850694323344
989,0.02811792297224419,0.0770185613442981
990,0.02807959712681389,0.0769950191652964
991,0.02805831590033001,0.07702170880067916
992,0.02803122089681126,0.0770214663611518
993,0.02801313822737804,0.07703445993718647
994,0.02799025842844557,0.07703438826969691
995,0.02795702229306352,0.07703524638736059
996,0.0279331542220544,0.07699043717649248
997,0.02791526150197408,0.07698364035477714
998,0.02788572920980953,0.07698508884225573
999,0.02785400669701832,0.07700087508511921
1000,0.02781981400417317,0.07699286393702977
1001,0.02779440720071915,0.07703816062874264
1002,0.02777227829968941,0.07702879773245917
1003,0.02775279564189063,0.07700756002986242
1004,0.02771575306151485,0.07699684396622673
1005,0.02767773390345842,0.0770022686984804
1006,0.0276449928749702,0.07702076340478564
1007,0.02763755216473771,0.07702458992836968
1008,0.02760337630005485,0.07702238053556472
1009,0.02758261730557957,0.07703907267441826
1010,0.02755595016985514,0.07701327710870713
1011,0.02751824034696035,0.07703254762149993
1012,0.0274947797116499,0.077046879700252
1013,0.02747889648597074,0.07705529483537825
1014,0.02746797030146242,0.07705106006728278
1015,0.02745394429296755,0.0770454326319316
1016,0.02741339354089076,0.07702010799021948
1017,0.02738061570815249,0.07702105811664037
1018,0.02735168041858127,0.07700879729929425
1019,0.02730927533246687,0.07700823176474798
1020,0.02728266855159375,0.07703292346189893
1021,0.0272466101539335,0.07702728538286119
1022,0.02721189175753579,0.07703350460718549
1023,0.02719079509656968,0.07703986574733068
1024,0.02715820818403984,0.07704327764019134
1025,0.02712188602258752,0.07703556262311481
1026,0.02708647540620614,0.07705095836094447
1027,0.0270661575037541,0.07705163955688477
1028,0.02704695948314102,0.07705091318440815
1029,0.02702835808266303,0.07705248915959918
1030,0.02699391315861257,0.07705361597121708
1031,0.02696357867501213,0.07704835893615844
1032,0.02693229526840334,0.07705671233790261
1033,0.02690581060938633,0.07707817332139091
1034,0.0268735942400455,0.07708668235748534
1035,0.02684802117022922,0.07707939332439787
1036,0.02681667462859196,0.07704739059720721
1037,0.02678076500718474,0.07704764699179029
1038,0.02676247809034462,0.07703464490080637
1039,0.02674694031271035,0.07702811700957161
1040,0.02672432551320425,0.07702910048621041
1041,0.02669650523648446,0.07701495691897377
1042,0.02667802208915044,0.07700916959179772
1043,0.02666979495652924,0.07699960186367943
1044,0.02665341621207814,0.07699136435985565
1045,0.02662427804312372,0.0769959179654954
1046,0.02660913731597607,0.07698343623252142
1047,0.02658261720602275,0.07697225421194047
1048,0.02654277634055805,0.07698800473932237
1049,0.0265124650545205,0.07699314587646061
1050,0.02648728412207352,0.07700238435987443
1051,0.02645866080074178,0.07698773651842088
1052,0.02643376660900078,0.07699324947500986
1053,0.02639823054631865,0.0769998308212038
1054,0.02637684034865794,0.07700723953663356
1055,0.02635828674074928,0.07700549586424751
1056,0.02633099066716897,0.0770202222324553
1057,0.02630308317526189,0.0770083095819231
1058,0.02628437030291863,0.07701146673588526
1059,0.0262723668953744,0.07701734347002846
1060,0.02624068595285124,0.07699913850852422
1061,0.02622656388849991,0.07700138503596896
1062,0.02620305822608737,0.07700394023032416
1063,0.02617855356805769,0.07701051873820168
1064,0.02614831202180811,0.07701526014577775
1065,0.02612789966688222,0.07703154333054073
1066,0.02608948391434706,0.07704060300002022
1067,0.02607599112618005,0.07704450473898933
1068,0.02605062515014251,0.0770606209361364
1069,0.02602360846230214,0.07704916691023206
1070,0.02599702635734008,0.07706150530822693
1071,0.02598644789356117,0.07707031993638902
1072,0.02595765473135367,0.07709339781413002
1073,0.02592979272991154,0.07711939631946503
1074,0.02591653544040211,0.07711530204803224
1075,0.02590125824185962,0.0771215669219456
1076,0.02587814496688523,0.07710826160415771
1077,0.0258510828547746,0.07711056962845818
1078,0.02581504046887542,0.07710477236717467
1079,0.02579051660702942,0.07710286572812096
1080,0.02576651989766429,0.07710334185570006
1081,0.02574670384660996,0.07710457959818462
1082,0.02571202226917223,0.07710770553066618
1083,0.02568484848661225,0.0770962763400305
1084,0.02567287157901066,0.07709447613784245
1085,0.02565268994936938,0.0770888633671261
1086,0.02563750804912185,0.07709805762010907
1087,0.02561035049161695,0.07710841960377163
1088,0.02559512269638133,0.0771057042810652
1089,0.02557307163295718,0.07712925970554352
1090,0.02555033359364014,0.07713543848385887
1091,0.02553828624752879,0.07713541317553747
1092,0.02550239937503152,0.07710374702536871
1093,0.02548400914298347,0.07709229441862257
1094,0.02545824296853385,0.0770891850429868
1095,0.02542996572041912,0.07708353017057691
1096,0.02541820919701989,0.07706543874172937
1097,0.02540565576305041,0.07707703279124366
1098,0.02537550495501685,0.07707070523784273
1099,0.02535543166402533,0.07707492486825065
1100,0.02532586065531954,0.07708197548275902
1101,0.02531171657019989,0.07709104201150319
1102,0.02528621516717269,0.07709406742027827
1103,0.02527063018536638,0.07708667833653707
1104,0.02524526176748012,0.07707205320161487
1105,0.02523407298126437,0.07706054311896128
1106,0.02521722968980332,0.07705747277017623
1107,0.02518814206417551,0.0770575621771434
1108,0.02516917033380252,0.0770594993280986
1109,0.02514748192904379,0.0770717357832288
1110,0.02512903053309816,0.0770589919790389
1111,0.02511662645642402,0.07704552132931966
1112,0.02510593752841018,0.07704451845751868
1113,0.02508929082783636,0.07706690071121094
1114,0.02506381902854746,0.07706757575746566
1115,0.02504545764267621,0.07706504587143187
1116,0.02503062886170315,0.07706231919545976
1117,0.02501790045309161,0.07706337812401
1118,0.02499173505108543,0.07708595054490226
1119,0.02497551045936752,0.07708586397625151
1120,0.02495781459495322,0.07707954801264263
1121,0.02493644132842434,0.07707763475085062
1122,0.02490412598330553,0.07707217288395715
1123,0.02488174552037238,0.07707132753871736
1124,0.0248574981464097,0.07706744637754229
1125,0.02483389175038229,0.07706330125294035
1126,0.0248086923496156,0.07705450980436235
1127,0.0247921296942387,0.07705234109409272
1128,0.02476404349136682,0.07705852318377722
1129,0.02473764289961163,0.07705596467805287
1130,0.02470584717548847,0.07705990946482098
1131,0.02467921395351244,0.07705146807526785
1132,0.02466261296405256,0.07704893984491863
1133,0.02464898689654596,0.07704386233337342
1134,0.02462425590414638,0.0770365037615337
1135,0.02459622937946894,0.07703788058152275
1136,0.02457047192800904,0.07703435468295264
1137,0.02454776600047372,0.07702920739612883
1138,0.02451945189662418,0.07701469792260064
1139,0.02448992337755719,0.07701444460286035
1140,0.0244653217001705,0.07702919012970394
1141,0.02443306782785785,0.07703761401630584
1142,0.0244098549004486,0.07703842175385309
1143,0.02438660235183731,0.07702424530945128
1144,0.02437065016599657,0.07702678678527711
1145,0.02435220350664907,0.07701814813273293
1146,0.02433904674481545,0.07702241246662443
1147,0.02431865270375499,0.07701365578742254
1148,0.02428212547849455,0.07701381047566731
1149,0.02425228034284955,0.07699855334228939
1150,0.02423547772435069,0.07698963251378801
1151,0.02420643110265854,0.07699887359899188
1152,0.02417169859943597,0.07700563210343557
1153,0.02414851200280514,0.07701516600828322
1154,0.02414083013794617,0.07701970471276177
1155,0.02410841015372554,0.07703248375938052
1156,0.02408518673813472,0.07702331647040352
1157,0.02406137888958753,0.07701059016916487
1158,0.02403219361943059,0.07701831795866527
1159,0.02401437628039721,0.07701135958944048
1160,0.02399340424197565,0.07701991569428217
1161,0.02396176667904218,0.07700656354427338
1162,0.02392709605314889,0.07699971042928241
1163,0.02389878703158088,0.07700553228930822
1164,0.02386672866897546,0.07701912167526427
1165,0.02383993725638987,0.0770181209322006
1166,0.02382665260640678,0.07702548447109404
1167,0.02380183449443448,0.07702743581363133
1168,0.02378278216834365,0.07703711518219539
1169,0.02376439020787858,0.07702602800868806
1170,0.02375789864865837,0.077033379011684
1171,0.02373227017388292,0.07702226369153886
1172,0.02372240545807327,0.0770257432309408
1173,0.02371501432766684,0.07704017985434759
1174,0.02369315731766664,0.0770314633846283
1175,0.02368145480178304,0.0770309567451477
1176,0.02366358049853768,0.07703427189872378
1177,0.02363063599491402,0.0770327616778631
1178,0.02360819299270464,0.0770191756032762
1179,0.02358831499812634,0.07701268035268026
1180,0.02357607426789294,0.07701246464063251
1181,0.02355696522765899,0.0770304576745109
1182,0.02353450951606829,0.07705547506847078
1183,0.02351057045492698,0.07706036052060505
1184,0.02349177502308993,0.07707101508738502
1185,0.02346191461118047,0.07705969659108965
1186,0.02343028994885743,0.07705784317046876
1187,0.02341136798218466,0.07704359931605202
1188,0.0233819270386983,0.07704614031882513
1189,0.02335838477797475,0.07705580454970164
1190,0.02332807783872213,0.07703556025785113
1191,0.02331202936902098,0.07703902844398741
1192,0.02329060457360003,0.07702430586020152
1193,0.02328263632107346,0.07702629859485323
1194,0.02325974450412649,0.07703656975239043
1195,0.02323151770372381,0.07701531241810511
1196,0.0232232513985535,0.07702060303990803
1197,0.02319194747894443,0.07700757824239277
1198,0.02316642381243503,0.07700367413815998
1199,0.02314429661040245,0.07701902730124337
1200,0.02312160815091147,0.07701759962808519
1201,0.02311081483386464,0.07701209353076087
1202,0.02308761678555169,0.07699619612050435
1203,0.0230701461081326,0.076987191798195
1204,0.02305371598188875,0.07699781821833716
1205,0.02302982482364124,0.07700275972722069
1206,0.02301642551709257,0.07701378776913598
1207,0.02299226980807162,0.07701602294331505
1208,0.02298355959392606,0.07701782338202946
1209,0.02297030771767163,0.0770157462074643
1210,0.02293916483504398,0.07700644126014104
1211,0.0229153189539674,0.0770191377590573
1212,0.02290322488175681,0.07701962973390307
1213,0.022880040447486,0.07702557647985125
1214,0.02284565495156112,0.07704107699886201
1215,0.0228193506289564,0.07705769983548967
1216,0.02280706444503289,0.07705892646123493
1217,0.02278549487446044,0.07704364851353661
1218,0.02276031461131537,0.07704596174141717
1219,0.0227339921954942,0.07704516748587291
1220,0.02272564790561898,0.07705093612746587
1221,0.0227146467592968,0.07704390206980327
1222,0.02268459333101359,0.07705263249457829
1223,0.02265519043476654,0.07703662888398247
1224,0.02263054776079916,0.07704074586194659
1225,0.02260054411828106,0.07704072835899535
1226,0.02258169251656838,0.07703704658954863
1227,0.02256665902482557,0.07703544010245611
1228,0.02255428108034576,0.07702529998052687
1229,0.02254647682149695,0.07702702496732984
1230,0.02252682002752225,0.07701639499929216
1231,0.02249606178755351,0.07700666359492711
1232,0.02248121189047295,0.0770129965884345
1233,0.02246881550709328,0.0770126117600335
1234,0.02244439269512568,0.07701816327042049
1235,0.02242842401209612,0.07701385470609816
1236,0.02239776730007857,0.07701123304783351
1237,0.02237996776741796,0.07701684676465534
1238,0.02236620515496686,0.07702703466491094
1239,0.02233360287791297,0.07702217333846623
1240,0.0223268642286087,0.07702913714779748
1241,0.02230543435826118,0.07702915536032783
1242,0.02229238240469361,0.07702672859979054
1243,0.02225261364731596,0.07703081175448402
1244,0.02224397104737319,0.07702898600744823
1245,0.0222234965576942,0.07702799070449103
1246,0.02219681676407322,0.07704201719117543
1247,0.02217238546447481,0.07703819894601428
1248,0.02215851774220405,0.07704284077598936
1249,0.02214470402009395,0.07704578813106294
1250,0.0221300253833976,0.07705592399551756
1251,0.02211870182478416,0.07706764718842884
1252,0.0221112875482996,0.07706024225742097
1253,0.02210259511846192,0.07705609500408173
1254,0.02207769370414427,0.07705337826221709
1255,0.02207224280642381,0.07704164868309385
1256,0.02205890766459886,0.07704172011405702
1257,0.02205090502025109,0.07703648058194963
1258,0.0220233956673656,0.0770303796208094
1259,0.02201021394277725,0.07703338232305315
1260,0.02198218764610375,0.07703714758630782
1261,0.02196150645981419,0.07704402837488386
1262,0.02195555035683151,0.07703892886638641
1263,0.02194659431030108,0.07704635839613658
1264,0.0219150996837776,0.07704400353961521
1265,0.0218890862942095,0.07704569777799031
1266,0.02187868306249645,0.07705066837961712
1267,0.02185669814228188,0.07704541749424404
1268,0.02182850631474272,0.07703472768503522
1269,0.02179996061772255,0.07704852001061516
1270,0.02177660251799364,0.07706890905660296
1271,0.02174919834847747,0.07706210726783388
1272,0.02173227626326524,0.07705473213914842
1273,0.02170173928273983,0.0770563090604449
1274,0.02167588285550196,0.07702760705872187
1275,0.02165294809290828,0.0770140564630902
1276,0.02162639425308071,0.07701501557751307
1277,0.02159889605032374,0.0770033167468177
1278,0.02157582227887194,0.0770052910324127
1279,0.02156937226785488,0.07701804500723643
1280,0.02154074913775227,0.07702269629826622
1281,0.02151414862331021,0.07699603433646852
1282,0.02148951420161472,0.07700491755727738
1283,0.02147038469986525,0.07701219500057281
1284,0.02145596892965511,0.07703156461791387
1285,0.02143990041767151,0.07702893610038454
1286,0.02142208297566859,0.07703578826927003
1287,0.0214037758915116,0.07703649382742625
1288,0.02138650254783131,0.0770295321468323
1289,0.02135685751874732,0.07705334112757728
1290,0.02133165738248401,0.07706435308569953
1291,0.02131470922391718,0.0770538832460131
1292,0.02129501823670537,0.07704580870885698
1293,0.02126607743090962,0.07706759113167959
1294,0.02123203872898842,0.0770737278083014
1295,0.02121916601594321,0.07707858298506055
1296,0.02120589050082793,0.07706420951419407
1297,0.02118516591288377,0.07706036927208068
1298,0.02116208677230677,0.07704650173111567
1299,0.02114874887236956,0.07704638606972164
1300,0.02112611033103308,0.07705570402599517
1301,0.02109949147330573,0.07706558184018211
1302,0.02106687171349756,0.0770758790156198
1303,0.0210553775711568,0.07708050854622371
1304,0.02103266482556796,0.07708028171743665
1305,0.02102080994420791,0.07707182306145864
1306,0.02099660834755384,0.07707408165174817
1307,0.02097903586269484,0.07707729438940684
1308,0.02095933254120498,0.0770625632906717
1309,0.02092610810757389,0.07709099257749225
1310,0.02090541768344699,0.07710696354744927
1311,0.0208929708229354,0.07710932242491889
1312,0.02088186232352892,0.07710255706121051
1313,0.02085941898299111,0.07710112796889411
1314,0.02084272691698677,0.0770991723688822
1315,0.02081586897873337,0.07710941183188605
1316,0.02079392411366384,0.07710387191129109
1317,0.02077903805957024,0.07710680625741444
1318,0.02077200196808441,0.07710745788755871
1319,0.02074728341293241,0.07712229116568489
1320,0.02072990826181222,0.077129009460646
1321,0.02069422548962251,0.07713067295059325
1322,0.02066725997763584,0.0771279585739923
1323,0.02064969712042738,0.07714494471512144
1324,0.0206340322636899,0.07714086321611253
1325,0.02061692785622455,0.07713937191736131
1326,0.0206088511620787,0.07713955948277125
1327,0.02059834549039867,0.07712244656350878
1328,0.02057294545351341,0.07712893282610273
1329,0.02054414363451089,0.07713908406477125
1330,0.02052382839455656,0.07712478226139433
1331,0.02049664413116997,0.07714245172720106
1332,0.02049108882235163,0.07714163689386278
1333,0.02047106506705637,0.07712508525167193
1334,0.02044117586780983,0.07712691123523409
1335,0.02041268850302531,0.07711825271447499
1336,0.02039783787780312,0.07712658222705598
1337,0.02039224803741922,0.07712834718681517
1338,0.02036728985747368,0.07713785601986779
1339,0.02034321538405263,0.0771257576961366
1340,0.02033742617260433,0.07712700253441221
1341,0.02031445598113925,0.07713054215151166
1342,0.02029835790954714,0.07709893134851305
1343,0.02027705188211778,0.07709852121179066
1344,0.02025451073524159,0.07709481058612702
1345,0.02024518738906217,0.0770965637195678
1346,0.02023953422977564,0.07710421085357666
1347,0.02022703762762874,0.0771105152273935
1348,0.02020063727858742,0.07712647531713758
1349,0.02017123299225179,0.07712998040138729
1350,0.02015297122204057,0.07712285031401922
1351,0.02013076213717108,0.07713311650450268
1352,0.02011350357697252,0.07713007477540819
1353,0.02009163706435621,0.0771193698285118
1354,0.02007531690956457,0.07712475316865104
1355,0.02005842907642918,0.07713076732461414
1356,0.02003127271042877,0.07713733518880511
1357,0.02000780940526565,0.07713230048853253
1358,0.01999697253210994,0.07712753992232066
1359,0.01998840948347984,0.07713114174585493
1360,0.01996173656675211,0.07712993451527186
1361,0.01994302873991555,0.07713320662104894
1362,0.01992779987820986,0.07712183372368889
1363,0.0199160157295582,0.07713460803978027
1364,0.01990576760672393,0.07712971833017138
1365,0.01988502491085339,0.07714854961349851
1366,0.01986769786121109,0.0771548142508855
1367,0.01984588963670062,0.07712289312529186
1368,0.01983409711809761,0.07712123507545107
1369,0.01981788505924183,0.07710857050759452
1370,0.01979729611158136,0.07711345454057057
1371,0.0197918537014917,0.07710978057649401
1372,0.01978024355662657,0.07711812167886704
1373,0.01975852092921087,0.07711980077955458
1374,0.019744888639403,0.07712067143311577
1375,0.01973546741333554,0.07712406393081422
1376,0.01970587205969216,0.07713390792173053
1377,0.01969321197136016,0.07713630606257726
1378,0.01967931160039516,0.07714402581018115
1379,0.0196650185625033,0.07714137837054237
1380,0.01964360240916745,0.07713988352389563
1381,0.01962320952283665,0.07713415414567977
1382,0.01960463095217325,0.07714072059071253
1383,0.01959641243221729,0.07713854573075733
1384,0.01958342150280295,0.07714784239965772
1385,0.01957102244221564,0.07714641259776221
1386,0.01955828376607151,0.0771409325183384
1387,0.01954440951994588,0.07713870207468669
1388,0.01951579339177093,0.07714716262287563
1389,0.01949679157223188,0.0771530315516487
1390,0.01947581937935604,0.07715040610896216
1391,0.0194691814489567,0.07714897063043383
1392,0.01945237123277792,0.07715464016747853
1393,0.01943903556139542,0.07716073734419686
1394,0.01943110719484967,0.07716565780223363
1395,0.01941182422437884,0.07717272284485045
1396,0.01938076502655477,0.07718648418547615
1397,0.01935908314565092,0.07717524326982952
1398,0.01933925032527402,0.07718257629682147
1399,0.01931521272965268,0.07717449395429521
1400,0.01930308253720388,0.07717597697462354
1401,0.01927597731028234,0.07718225887843541
1402,0.01925579673975618,0.07719746255685413
1403,0.01924163697384893,0.07720295540870183
1404,0.01921812542746357,0.07721043815688482
1405,0.01920449561627926,0.07721278260624598
1406,0.01918844116699072,0.07720173327695756
1407,0.01917422968831726,0.07719645140663026
1408,0.01914327784357749,0.07720958902722314
1409,0.01912649389198243,0.077209382066651
1410,0.01911756846417562,0.0772074671491744
1411,0.01910963239698043,0.07720285299278441
1412,0.01910061385530357,0.07719308327114771
1413,0.01909058547678964,0.07719775726870885
1414,0.01906841049689766,0.07718749959317464
1415,0.01904330951293152,0.0771857930554284
1416,0.01902577682579376,0.07719158038260444
1417,0.01900671409242598,0.07721056209670173
1418,0.01899759558205073,0.07720046265730782
1419,0.01897406970819151,0.07720405809463017
1420,0.01895873561898671,0.07721724751449767
1421,0.01894660754476813,0.07722009765723395
1422,0.01893390953423122,0.07722075993106478
1423,0.01890780885592618,0.07721638584893847
1424,0.01888311178462997,0.07722802696720002
1425,0.01885890136201666,0.07723368302224175
1426,0.01883604395895579,0.07723977617801182
1427,0.01881895494543435,0.07723869619861481
1428,0.01879928183814498,0.07724095597153618
1429,0.01877613041296175,0.07724392130261376
1430,0.01875391286988131,0.07726028845423744
1431,0.01874289499836636,0.07725688342064146
1432,0.01871671705614308,0.07724938671740275
1433,0.01869742970211249,0.07725847240478273
1434,0.01868627895578109,0.0772612090148623
1435,0.01866424962628158,0.07727148466640049
1436,0.01865343113318601,0.07727308145591191
1437,0.01863372728949356,0.07725908193323347
1438,0.01862343589003912,0.07726104462903643
1439,0.0186140434365988,0.07726609896099756
1440,0.01859672222679953,0.07726760634354182
1441,0.01857679359328005,0.07725908902902452
1442,0.01856533118761775,0.07726424932479858
1443,0.01855727645540049,0.07726333609649114
1444,0.01853322684176465,0.07726803445626819
1445,0.01852149774503378,0.0772684005990861
1446,0.01850804030483355,0.07727192862639351
1447,0.01848773914228422,0.07726772673546321
1448,0.01847029395717741,0.07727888392077552
1449,0.01844831356026696,0.07727862043040139
1450,0.01844027503839485,0.07726987959846618
1451,0.01841390195421264,0.07726864256556072
1452,0.01839275708879911,0.07727250267588903
1453,0.01838031760531846,0.07728172578508892
1454,0.01836629592889859,0.0772782081649417
1455,0.01835222815155159,0.07728814558377342
1456,0.01833633199584214,0.07728352456811875
1457,0.01831895701388616,0.07727834582328796
1458,0.01830254529712231,0.07727633203778948
1459,0.01828752107263671,0.07726074944412897
1460,0.01827490462867317,0.0772746115449875
1461,0.01826018965108962,0.0772705331208214
1462,0.01825247982264977,0.07727463354193975
1463,0.0182406786104769,0.07728204864358144
1464,0.01821980131137289,0.07727092173364428
1465,0.01820774861084627,0.07728394558505407
1466,0.01819522892146096,0.07728148642040435
1467,0.01817931658482622,0.07727994426848396
1468,0.01815722011919671,0.07728578670630379
1469,0.01814105872870198,0.0772933020951256
1470,0.01812381105385316,0.07729025918339925
1471,0.01810259392589831,0.07729942268795437
1472,0.01809229128805577,0.07730635503927867
1473,0.0180802675955152,0.07730814081335825
1474,0.01807139674155639,0.07730984569541992
1475,0.01805227324881417,0.0773009518309245
1476,0.01803209439935007,0.07730092415733943
1477,0.01802285364943925,0.07730456358856624
1478,0.01801535876252691,0.0773066303559712
1479,0.01798899877753922,0.07730708472312443
1480,0.01797259001747171,0.07729678825726585
1481,0.01795261791610294,0.07729812959829967
1482,0.01793931401817373,0.07729763431208474
1483,0.01792805697051817,0.07729649756635938
1484,0.0179032799139663,0.0772962738124151
1485,0.01788514570828605,0.07729948205607277
1486,0.01787104420841976,0.07730232392038618
1487,0.01785882418241576,0.07730398764685979
1488,0.01784159443897415,0.07730968627664778
1489,0.0178252787045171,0.0773017562571026
1490,0.01781833040926087,0.07730278159890856
1491,0.01779720131289453,0.0772993481821484
1492,0.01778721954280038,0.07729904164397527
1493,0.01776731245933139,0.07729867313589368
1494,0.01774425602353455,0.07729062012263707
1495,0.01773402775910858,0.07728886509698535
1496,0.01772665489108282,0.07729313155961415
1497,0.01771205042921897,0.07729472645691463
1498,0.01768799350474688,0.07728075862876953
1499,0.01768093260496061,0.07728811767366198
1500,0.01767444655460996,0.07728097150250086
1501,0.01765902793478048,0.07727485138272482
1502,0.01763939177148552,0.0772766951057646
1503,0.01762410986576476,0.07728667415323712
1504,0.0176093410498298,0.077289498987652
1505,0.01758699582453895,0.07729299957790071
1506,0.0175746268531177,0.07729283448249574
1507,0.01756257112234507,0.07728834119107988
1508,0.01754711941252338,0.07729243924693456
1509,0.01752361071250987,0.07729746070173052
1510,0.01750857053510293,0.07729233257354252
1511,0.017494995650805,0.07729161116811964
1512,0.01747853833325171,0.07730750881490253
1513,0.01746593462073438,0.07730918815211645
1514,0.01745206327982034,0.07731101673746867
1515,0.01743692654641925,0.07731915490021782
1516,0.01742562130167124,0.07731378906302983
1517,0.01741576121213523,0.07730229057016827
1518,0.01739566231850693,0.07730083924437327
1519,0.01737912457440001,0.07730258764728667
1520,0.01735739582029759,0.07729603894173152
1521,0.01734835716278861,0.07730517359006972
1522,0.01733704142250407,0.0773190666758825
1523,0.0173214408408148,0.07732106059316605
1524,0.01730840571540953,0.077324768853566
1525,0.01729679987319954,0.07731318426510644
1526,0.01727511305711347,0.0773219967645312
1527,0.01725840983362565,0.07732511962216998
1528,0.01724763240330546,0.07731703609701186
1529,0.01723176251953469,0.07730753719806671
1530,0.01721791358920217,0.07732357581456502
1531,0.01720787913548629,0.07733100865568433
1532,0.01718307276939475,0.07733368282280272
1533,0.01717698162188064,0.07733045660314106
1534,0.01715583265975103,0.07733451279382857
1535,0.01713633404167595,0.0773250339996247
1536,0.01711238966289419,0.07732278250512623
1537,0.01709594082561674,0.07730493067748963
1538,0.01708348914024743,0.07730755233575427
1539,0.01707333764695698,0.07731483971315717
1540,0.01706082554789663,0.07731870124264369
1541,0.01705071689728335,0.07731634378433228
1542,0.01704012913682736,0.07731938101942577
1543,0.01702369147174333,0.07732259020918891
1544,0.0170022808787618,0.07731492770096612
1545,0.01698820150263335,0.07731458071678404
1546,0.0169621165271808,0.07730735365360503
1547,0.0169501673625111,0.07731038828690846
1548,0.01693428085651708,0.07731069979213533
1549,0.01691929205354792,0.07730779785012441
1550,0.01690476214161983,0.07732239814977797
1551,0.01688510517848091,0.07732042599292029
1552,0.01687649630841239,0.07733216385046641
1553,0.01686947602274858,0.07732975270066943
1554,0.01685297955471107,0.07733843369143349
1555,0.01683152591311331,0.0773457679010573
1556,0.01681965660866486,0.07733792918069023
1557,0.0168099496421668,0.07734684646129608
1558,0.01679254219539074,0.07734189643746331
1559,0.01678180876983236,0.07734035121070014
1560,0.01675990852734179,0.07734506730995482
1561,0.01674823878518686,0.07735440016738952
1562,0.01673169891549475,0.07735361868426913
1563,0.01671426920523648,0.07733603909848229
1564,0.01670099371218611,0.07733483707147931
1565,0.01667910581868352,0.07732992536491817
1566,0.01665973428706662,0.07732471870997595
1567,0.01663760024491561,0.07732626772116101
1568,0.01663093948470169,0.0773287278319162
1569,0.01661667932350802,0.07732324846207149
1570,0.01660259893974924,0.07731479500967359
1571,0.0165792509383887,0.07732205282128046
1572,0.01656596652376452,0.07733109333212414
1573,0.01654610703428076,0.07734149339653197
1574,0.0165321761843365,0.07733668859988924
1575,0.01652443368513751,0.07733847721228523
1576,0.01650885144673354,0.07733818155432505
1577,0.01649841296266827,0.07734408194110506
1578,0.01648378867181597,0.07734089474829417
1579,0.01647781957996327,0.07733830714982654
1580,0.01645700990977198,0.07733686812340267
1581,0.01645263496267831,0.07733139939724452
1582,0.01643520404620561,0.07732658301080976
1583,0.01641099509458551,0.07733220145815894
1584,0.01639498512813158,0.07733084829080672
1585,0.01638910225119078,0.07733106589506543
1586,0.01638210987762308,0.0773305417526336
1587,0.01635967364198246,0.0773291512141152
1588,0.01634509715105445,0.0773338722804236
1589,0.01632426993191419,0.07732286576240782
1590,0.01631351764822289,0.07732096243472326
1591,0.01629930063861497,0.0773182154174835
1592,0.01628792921388255,0.07731175517279004
1593,0.01627759235338303,0.07731682771728152
1594,0.01627207423127298,0.07731641024824172
1595,0.0162650122061769,0.07731248769495222
1596,0.01624762009450502,0.07731415946332235
1597,0.01622843068655716,0.07731046846934728
1598,0.0162128451972582,0.0773106316725413
1599,0.01619610871461396,0.07730355811497522
1600,0.01618763814732683,0.07729951446018522
1601,0.01617934598945089,0.07730495149181002
1602,0.01616958978881017,0.07731084643848359
1603,0.01614597722196626,0.07731099000998906
1604,0.0161238485415855,0.07731642917035118
1605,0.0161070725039339,0.07730624292578016
1606,0.01610127628320297,0.07729866580357628
1607,0.01609214484279742,0.0772967901494768
1608,0.01607860197466665,0.07730071814287276
1609,0.01606572469418753,0.07729723789389172
1610,0.01604895107631975,0.07730470077385979
1611,0.01603729511001621,0.07731423586133927
1612,0.01602602366869212,0.07730949539986867
1613,0.01601427869258958,0.07731364194362883
1614,0.01599019017118339,0.07732117507192823
1615,0.01597508020985868,0.07732805396829333
1616,0.01595479127126291,0.07732119494014317
1617,0.01594267732593408,0.0773095531123025
1618,0.01592080834940414,0.07732916895359282
1619,0.01591182476588086,0.07732182031586057
1620,0.01589941956389692,0.07731456818088653
1621,0.01587590008885816,0.07730603974962992
1622,0.01586320023957975,0.07730345948347969
1623,0.0158498560437916,0.07730192442735036
1624,0.01583275035656216,0.07730432304124983
1625,0.01582773716758058,0.07730625877304682
1626,0.0158216838245919,0.07730487414768764
1627,0.01580247770616121,0.07731293898726267
1628,0.0157918437123887,0.07731155530800896
1629,0.01577921889847382,0.0773138805987343
1630,0.01576251443199674,0.07731326775891441
1631,0.01575252508628757,0.07731453293845766
1632,0.01573054532190419,0.07732282318766155
1633,0.01572082617558238,0.07731871519769941
1634,0.01569907490057395,0.07731558831911238
1635,0.01568137633688711,0.07731132753311641
1636,0.01567782735983452,0.07731069458855523
1637,0.01566692179865098,0.07730750952448164
1638,0.01565436156133791,0.07729784505707878
1639,0.01563763488286339,0.07730151878462897
1640,0.01562887571406388,0.07730317139436328
1641,0.01561381987057928,0.07729859177082304
1642,0.01561020004313884,0.07729510253384
1643,0.01560225309794888,0.07729586864274646
1644,0.01558247867600233,0.07729599471130068
1645,0.01556210612615263,0.07729798295195141
1646,0.01554353415289377,0.07730209685507275
1647,0.01553491984750535,0.07730005350377825
1648,0.01552740733809438,0.07729897376090761
1649,0.01551182318739924,0.07731246380578904
1650,0.0155049605260126,0.07731042211017912
1651,0.0154837680519039,0.0772955994757395
1652,0.01547752874595392,0.0773012363721454
1653,0.01546534561981453,0.07729727171716236
1654,0.01545608306978439,0.07729332976871067
1655,0.01544253623732692,0.07730087779817127
1656,0.01543090896274589,0.07730863822831048
1657,0.01541701385793658,0.0773065456795314
1658,0.01540181804944826,0.07731503200909448
1659,0.01538147655226518,0.07731431959167359
1660,0.01536550778833099,0.07730800693943388
1661,0.01535272858632399,0.0772972565794748
1662,0.01533527487681154,0.07729811138576931
1663,0.01531380631934267,0.07730757859018114
1664,0.01529287831510278,0.07730391124884288
1665,0.01527907149195083,0.07730134280901106
1666,0.01526431859216238,0.07730434432862297
1667,0.01525337987479194,0.07729899433870165
1668,0.01524102765062837,0.07730631459326971
1669,0.01523247621548964,0.07731616497039795
1670,0.01521619813845871,0.07730786786192939
1671,0.01521306814440146,0.07730693003487965
1672,0.01520188182209934,0.07731979399446458
1673,0.01518364661067048,0.0773245564528874
1674,0.0151738266645391,0.07732088982112824
1675,0.01516918871121487,0.07731753020059495
1676,0.0151467663029104,0.07731186610365672
1677,0.01512920512998916,0.0773210795152755
1678,0.01510752485982287,0.07732690279445951
1679,0.01509272021049338,0.07733032272921668
1680,0.01508012349254876,0.07733240368820372
1681,0.01506502679958278,0.0773380845785141
1682,0.01504875187047731,0.07734178148564838
1683,0.01504213912348168,0.07734503585194784
1684,0.01502562595967126,0.07733637449287233
1685,0.01501096678421504,0.07733791782742455
1686,0.01499927512426132,0.07735119192373185
1687,0.01498831876232735,0.07735438999675569
1688,0.01497233469270883,0.07735658519797856
1689,0.01495152522110162,0.07736446176256452
1690,0.01494714763357515,0.07736753873408787
1691,0.01493192514127004,0.07737427524157933
1692,0.01490902294646599,0.07737555201091463
1693,0.01489352882055516,0.077374148463446
1694,0.01487620302125709,0.07738664628021301
1695,0.01485854742528185,0.07738967405425178
1696,0.01484664211827464,0.07739060242024678
1697,0.01483312064574007,0.07738865509865776
1698,0.01481395490607293,0.07739546705806066
1699,0.0147951869744539,0.07739543299826365
1700,0.01478550799360162,0.07739337994938805
1701,0.01477220774373556,0.07738776457688165
1702,0.01475564086660816,0.07738635180488465
1703,0.01473653251774102,0.07738995954157814
1704,0.01472043262947229,0.07737665043936835
1705,0.01470367396425048,0.07736351210919637
1706,0.01468390625003295,0.07735670748211089
1707,0.01467810544715817,0.07735554188016862
1708,0.01467129176984535,0.07734987116049206
1709,0.01466132534956532,0.07735466034639449
1710,0.01464447003273479,0.07736280749714564
1711,0.01463191206075126,0.0773478379798314
1712,0.01461544977859589,0.07735531008432782
1713,0.0146058997450082,0.07735009467790997
1714,0.01460075821186924,0.07734392228580657
1715,0.01458342260840144,0.07733937885080065
1716,0.01456305302260306,0.07733821939854395
1717,0.01454665508169059,0.07733512397796388
1718,0.01453135806151463,0.0773321735480475
1719,0.01452611689800571,0.07733508637027135
1720,0.01451615687654614,0.07733226035322462
1721,0.0145080188934683,0.077330567060955
1722,0.01450148482989935,0.07733728299065241
1723,0.01449169347252097,0.07733344653296093
1724,0.01448527363157461,0.07733448109929524
1725,0.01447009432027512,0.07732982034721071
1726,0.01446120286505644,0.07733011789738185
1727,0.0144498800860694,0.0773343275936823
1728,0.01443182218080682,0.07733297750117286
1729,0.01442138256407678,0.07733049255514902
1730,0.01441613570782416,0.07732798324690925
1731,0.01440805790307844,0.0773229729088526
1732,0.01439843282677226,0.07731782278371235
1733,0.01437981448045252,0.07732651418163664
1734,0.01436366174675282,0.07732265998446752
1735,0.01434547541642824,0.07731907944830638
1736,0.01432077370414847,0.07732743497878786
1737,0.01430010483742702,0.07733233533208332
1738,0.01428728631577158,0.07732851495818487
1739,0.01427523076151813,0.0773371271197758
1740,0.01426043813020315,0.0773430090574991
1741,0.0142554337671808,0.07734869917233785
1742,0.01423722883982461,0.07734684575171698
1743,0.01422640770261874,0.07734895864176372
1744,0.01421083369809925,0.07736008200380537
1745,0.01419309060377053,0.07735769190485516
1746,0.01418205117485013,0.07736014113539741
1747,0.01416725211161734,0.07736059976002527
1748,0.01415252442097499,0.07736333660663121
1749,0.01413995649036744,0.0773536463578542
1750,0.0141299558989152,0.07735063419455573
1751,0.01411557907692772,0.07735044118903932
1752,0.01411019256090247,0.07735088633166419
1753,0.01410305509591973,0.07735891261744121
1754,0.01409110237512396,0.0773662104020043
1755,0.01407957303927069,0.07737171389753857
1756,0.01406589073937125,0.07736771896718041
1757,0.01405134623519054,0.07737549642721812
1758,0.01403033498376755,0.07737857741968972
1759,0.01401818284042261,0.07737583418687184
1760,0.01401484153819108,0.07737425111588977
1761,0.01400497571545904,0.0773765988766201
1762,0.01399026265384414,0.0773681943851804
1763,0.01397460872290871,0.0773705482955963
1764,0.01395859666396694,0.07736472525293865
1765,0.01394446472925118,0.07736714633684309
1766,0.01392978050645812,0.07736179398165809
1767,0.01392386890837494,0.07736929234058137
1768,0.01391034490573206,0.07737492994656639
1769,0.01389698249169304,0.07736826463351174
1770,0.013881814345232,0.07736307264320434
1771,0.01387242824280486,0.0773664362846859
1772,0.01385012196573665,0.07736271099438743
1773,0.01384129670153483,0.07736726483655354
1774,0.01383656370733945,0.07736385128800831
1775,0.01381754545680627,0.07737111832414355
1776,0.01380967339620303,0.07736615434525505
1777,0.01379738668639945,0.07737543776867882
1778,0.01378943472880013,0.07737784537058028
1779,0.01377067693600179,0.07738108791056134
1780,0.0137547678796819,0.07737894805650862
1781,0.01373717297320893,0.07738298579813942
1782,0.01372634265332796,0.07738189375589764
1783,0.0137162225436776,0.07738943847398909
1784,0.01371071938156846,0.07738859951496124
1785,0.01370467605604354,0.07738620681422097
1786,0.01368526075134626,0.07737463357902709
1787,0.01366925280015301,0.0773675377879824
1788,0.01365238810574079,0.07736816008885701
1789,0.01364006299198203,0.07737339418085795
1790,0.01362714407871765,0.07738276133461604
1791,0.0136130527507694,0.07738510034387074
1792,0.01359597715270602,0.07739236903569055
1793,0.01359064574744129,0.07738977292227367
1794,0.0135817723560192,0.07739173916597215
1795,0.01357337339300394,0.07738514362819611
1796,0.01356815986577991,0.07738402698721204
1797,0.0135542617711769,0.07738641850532048
1798,0.01354151277233794,0.07739504675070445
1799,0.01352959126601803,0.07739270182829054
1800,0.0135135657916182,0.07738562898030357
1801,0.01349642089874229,0.07738528341527968
1802,0.01348981874657524,0.07738764111011748
1803,0.01347699648124209,0.0773886562812896
1804,0.01346698319879595,0.0773977232830865
1805,0.01345755408084993,0.07739972784405663
1806,0.01344997987798383,0.07739936170123872
1807,0.01344176283269856,0.07739479579622784
1808,0.01342931125765374,0.07740038112988548
1809,0.01341657577724236,0.07741402207858979
1810,0.01340010116080894,0.07740951459559184
1811,0.01338859220924406,0.07741935622124445
1812,0.01337897566837596,0.07741783299143352
1813,0.01336031570030341,0.07740824492204756
1814,0.01333834047761156,0.0774056204254665
1815,0.01333375003369045,0.0774030742191133
1816,0.01332431515312854,0.07741412189271715
1817,0.01331333833335653,0.07741368786683159
1818,0.01330486739096613,0.07741577237371415
1819,0.01329100838433013,0.07741237136106642
1820,0.01328129367673032,0.07741403508754004
1821,0.01326235742303603,0.07741578845750718
1822,0.01325667874569483,0.07742065073005737
1823,0.01324080763732222,0.07741965235225738
1824,0.0132230285294023,0.07741689658354199
1825,0.01321723250725545,0.07741997639338176
1826,0.01320724091828164,0.07741570945770021
1827,0.01319927740235319,0.07741284630601368
1828,0.01318517600545643,0.07741045904537988
1829,0.01316992494646324,0.07740643762406849
1830,0.01316300909028472,0.07740414000692822
1831,0.01314992051634125,0.07739903860621983
1832,0.01314619293497087,0.07739742928081089
1833,0.01313884254004383,0.07739934514439295
1834,0.01312128982533354,0.07739914031255812
1835,0.01311363711188247,0.07739722161065965
1836,0.01310194665814317,0.07739942840167455
1837,0.01308580746125845,0.07739507820871142
1838,0.01308187659598174,0.07739676558782184
1839,0.01306950466786415,0.07740325043125758
1840,0.01305475181588298,0.07741218639744653
1841,0.01303728183350817,0.07741502424081166
1842,0.01302693498496477,0.07740568334148043
1843,0.01301411880218853,0.07741050232970526
1844,0.01300279725883579,0.07740664292895605
1845,0.01299451973366478,0.0774051636930496
1846,0.01297869369652405,0.07739948327579195
1847,0.0129709490018677,0.07739207550646766
1848,0.0129620236365781,0.07739748297229646
1849,0.01295428016284611,0.07739449185984475
1850,0.01295061065996505,0.07739384022970049
1851,0.01293077290440594,0.07739175193839604
1852,0.01291835416192952,0.07740123238828447
1853,0.01291169041927687,0.07739971057763176
1854,0.01290069702876638,0.07740273220198494
1855,0.01288771735245007,0.07741003873802367
1856,0.01287993644561843,0.07740612044220879
1857,0.01286998250671577,0.07741168401544056
1858,0.01285239036571003,0.07741980254650116
1859,0.01283544913184372,0.07742299210457575
1860,0.01282271523275003,0.07742791823924534
1861,0.01281497337711057,0.0774254874577598
1862,0.0127987466781949,0.07743089941758959
1863,0.01279068431887787,0.07743041311937665
1864,0.01277892479832998,0.07743333611223432
1865,0.01277393787025464,0.07743204657047514
1866,0.01276298249020864,0.07743678443015568
1867,0.01274519333908259,0.07743537473300147
1868,0.01273303016696607,0.07744041037937952
1869,0.01272416236899565,0.07743801696906014
1870,0.01270884518518029,0.07744823656384907
1871,0.01269675939833894,0.07745412796262711
1872,0.0126812327671557,0.07745722267362806
1873,0.01267386143631784,0.07746121358303797
1874,0.01266354028970327,0.07745913451626188
1875,0.01265289480379633,0.07745744902936239
1876,0.01264942105333638,0.07745727825732458
1877,0.01263769874156169,0.07746107710732354
1878,0.01262972948508225,0.07745809829424298
1879,0.01262128619000919,0.07745762003792657
1880,0.01260273201209066,0.07744944095611572
1881,0.01258146806609948,0.07745640618460518
1882,0.01257318629343559,0.07745540236669873
1883,0.01256285564420489,0.0774511576644958
1884,0.01255631283925881,0.07745310616871667
1885,0.0125445735301576,0.07745194033024803
1886,0.01253836849467187,0.07745857773319123
1887,0.01252970434100112,0.07745295337268285
1888,0.01252308790181255,0.07745389687636542
1889,0.0125183251641345,0.07745325991085597
1890,0.01251104238341027,0.07746207855996631
1891,0.01250110139292531,0.0774619375902509
1892,0.01248522672842662,0.0774600063524549
1893,0.01247423287823076,0.07745169670808882
1894,0.01246119840006249,0.07744744916756947
1895,0.01245335037548827,0.07744440081573668
1896,0.01243807149633603,0.07744137043990786
1897,0.01242241094593117,0.07744611232053666
1898,0.01240552162709264,0.07745081328210376
1899,0.0123946654214087,0.07744776351111275
1900,0.01238414500302176,0.07744586515048194
1901,0.01236505905738117,0.07744695269872272
1902,0.01235064907920678,0.07744834229113563
1903,0.01234638686903255,0.07744952870739831
1904,0.012341306102623,0.07745427673771269
1905,0.01233098847168219,0.07745980743377928
1906,0.01232313940270279,0.07745287129803309
1907,0.01231176146514795,0.07745782132186586
1908,0.01229912219136983,0.07745970052386088
1909,0.01229269845596894,0.07746379101087177
1910,0.01228241907085153,0.07746595167924487
1911,0.01226921183188599,0.07747404040798309
1912,0.01226012780159153,0.07747187382645077
1913,0.01225347969191919,0.07747334052645971
1914,0.01223987055186693,0.0774806740265044
1915,0.01222749127246079,0.07747296539563982
1916,0.01222123320031496,0.07747742060631041
1917,0.01221057845450577,0.07747507213600098
1918,0.01219574942346387,0.07747128440274133
1919,0.01217929679102394,0.07747600594210247
1920,0.0121677679479534,0.07746304760849665
1921,0.01215769050813851,0.07746287872866979
1922,0.01214552309956155,0.07746578492815533
1923,0.01213188793763945,0.07746225666432154
1924,0.01211837635385672,0.0774673635051364
1925,0.01210747157229958,0.07747447490692139
1926,0.01209740152054807,0.07746770268394834
1927,0.01209039740845458,0.07746901043823787
1928,0.01207870610889419,0.07748285811098796
1929,0.01206494666275597,0.07748121898325663
1930,0.01205905304756475,0.07747979249273028
1931,0.01204895236237969,0.0774733346133005
1932,0.01203809740703998,0.07747286629109155
1933,0.01202644131570201,0.07747669920088752
1934,0.01201308937513463,0.07747760651603577
1935,0.01199871337322586,0.07747675454805768
1936,0.0119918782194122,0.0774848120553153
1937,0.01197228806878478,0.07748146686289045
1938,0.01195805110883148,0.07747745845052931
1939,0.01194308830934475,0.07747918438343775
1940,0.0119328708493639,0.07747703837969946
1941,0.01191609922469192,0.07748538823354811
1942,0.01190409032666554,0.07748758674614013
1943,0.01189420850320488,0.07748427466740684
1944,0.01188277872049444,0.07747825696354821
1945,0.01187162811022991,0.07748169984136309
1946,0.01186009008080679,0.07748245601616209
1947,0.01185272217370562,0.07747726639111836
1948,0.01184629618033016,0.07747944432591634
1949,0.01183070300141421,0.07748753045286451
1950,0.01182355687595897,0.07749001468930926
1951,0.01181273012323653,0.07748813998131525
1952,0.01179948422289201,0.07749001800067841
1953,0.01179138514758451,0.0774974621950634
1954,0.01177628860907282,0.07748972872893016
1955,0.01176921012356274,0.07748564178981478
1956,0.01175726594188253,0.07748340779826754
1957,0.01175150000154678,0.07748501168357001
1958,0.01173607534329018,0.07749596900410122
1959,0.01173197658252622,0.07749948402245839
1960,0.01172656263615513,0.07749294879890624
1961,0.01171958462683611,0.07749971463566735
1962,0.01170785814479567,0.077503925751126
1963,0.01169686483151233,0.07750356504841456
1964,0.01168621492159331,0.07750147746668921
1965,0.0116772266235368,0.07750156781976185
1966,0.01166872793085954,0.07750412656201257
1967,0.01165390508534407,0.07750116288661957
1968,0.01164486380946719,0.07750042303213997
1969,0.01163983499486025,0.07749628665901366
1970,0.01162777087207137,0.07749293768216693
1971,0.01162353622095488,0.07749173731084853
1972,0.01161173705714006,0.07749471399519178
1973,0.01160651054840097,0.07749833876178377
1974,0.01159638918840638,0.07749896721234398
1975,0.01159316817296693,0.07750351182998173
1976,0.01158534606361554,0.07750608547339363
1977,0.0115758742206718,0.07750902549614982
1978,0.01156282253556049,0.07751397007987612
1979,0.01154884988734423,0.07751734531114972
1980,0.01153233168905956,0.07751423830077761
1981,0.01152448648143733,0.07751069513578264
1982,0.01151769952471612,0.0775114397207896
1983,0.01151272847968993,0.07751148182248312
1984,0.01150752585620306,0.07751373733792986
1985,0.01149655446071851,0.07751388232859355
1986,0.0114841946646174,0.0775204918214253
1987,0.01147480483689995,0.07751985532896859
1988,0.01146549696924656,0.07752190672215961
1989,0.0114513834881406,0.07752268252864716
1990,0.01144619512961035,0.07751887894812085
1991,0.01144146438235709,0.07751747800244226
1992,0.01142805202074371,0.07752265887601036
1993,0.01141858323378836,0.07752386610659343
1994,0.0114108833051328,0.07752328638046507
1995,0.01139774126058623,0.07752628269649688
1996,0.01138812811035747,0.07752726617313567
1997,0.01137168112285398,0.07752833432621425
1998,0.01136093284026421,0.07752991408582717
1999,0.01134883181393323,0.07753505285770174
2000,0.01133582377686788,0.07753590269694252
